simulation steps,20000,40000,60000,80000,100000,120000,140000,160000,180000,200000,220000,240000,260000,280000,300000,320000,340000,360000,380000,400000,420000,440000,460000,480000,500000,520000,540000,560000,580000,600000,620000,640000,660000,680000,700000,720000,740000,760000,780000,800000,820000,840000,860000,880000,900000,920000,940000,960000,980000,1000000,1020000,1040000,1060000,1080000,1100000,1120000,1140000,1160000,1180000,1200000,1220000,1240000,1260000,1280000,1300000,1320000,1340000,1360000,1380000,1400000,1420000,1440000,1460000,1480000,1500000,1520000,1540000,1560000,1580000,1600000,1620000,1640000,1660000,1680000,1700000,1720000,1740000,1760000,1780000,1800000,1820000,1840000,1860000,1880000,1900000,1920000,1940000,1960000,1980000,2000000,2020000,2040000,2060000
,16000,32000,48000,64000,80000,96000,112000,128000,144000,160000,176000,192000,208000,224000,240000,256000,272000,288000,304000,320000,336000,352000,368000,384000,400000,416000,432000,448000,464000,480000,496000,512000,528000,544000,560000,576000,592000,608000,624000,640000,656000,672000,688000,704000,720000,,,,,,,,,,,,,,,,,,,,,,,,,,,,,,,,,,,,,,,,,,,,,,,,,,,,,,,,,,
biped falls,0.1261160714,0.2607886905,0.748139881,1,1,1,1,1,1,1,1,1,1,1,1,1,1,1,1,1,1,1,1,1,1,1,1,1,1,1,1,1,1,1,1,1,1,1,1,1,1,1,1,1,1,1,1,1,1,1,1,1,1,1,0.9802827381,1,1,1,1,1,1,1,1,1,1,1,1,1,1,1,1,1,1,1,1,1,1,1,1,1,1,1,1,1,1,1,1,1,1,1,1,1,1,1,1,1,1,1,1,,,,
biped falls,0.3470982143,0.2823660714,0.318452381,0.4955357143,0.9285714286,1,1,1,1,1,1,1,1,1,1,1,1,1,1,1,1,1,1,1,1,1,1,1,1,1,1,1,1,1,1,1,1,1,1,1,1,1,1,1,1,1,1,1,1,1,1,1,1,1,1,1,1,1,1,1,1,1,1,1,1,1,1,1,1,1,1,1,1,1,1,1,1,1,1,1,1,1,1,1,1,1,1,1,1,1,1,1,1,1,1,1,1,1,1,1,1,,
biped falls,0.1547619048,0.2738095238,0.328125,0.5837053571,0.915922619,0.982514881,1,1,1,1,1,1,1,1,1,1,1,1,1,1,1,1,1,1,1,1,1,1,1,1,1,1,1,1,1,1,1,1,1,1,1,1,1,1,1,1,1,1,1,1,1,1,1,1,1,1,1,1,1,1,1,1,1,1,1,1,1,1,1,1,1,1,1,1,1,1,1,1,1,1,1,1,1,1,1,1,1,1,1,1,1,1,1,1,1,1,1,1,1,1,1,,
biped falls normal,0.7906746032,0.7276785714,0.535094246,0.3069196429,0.0518353175,0.005828373,0,0,0,0,0,0,0,0,0,0,0,0,0,0,0,0,0,0,0,0,0,0,0,0,0,0,0,0,0,0,0,0,0,0,0,0,0,0,0,0,0,0,0,0,0,0,0,0,0.0065724206,0,0,0,0,0,0,0,0,0,0,0,0,0,0,0,0,0,0,0,0,0,0,0,0,0,0,0,0,0,0,0,0,0,0,0,0,0,0,0,0,0,0,0,0,0,0,#DIV/0!,#DIV/0!
,,,,,,,,,,,,,,,,,,,,,,,,,,,,,,,,,,,,,,,,,,,,,,,,,,,,,,,,,,,,,,,,,,,,,,,,,,,,,,,,,,,,,,,,,,,,,,,,,,,,,,,
biped falls SafeRL,0.1223958333,0.1625744048,0.1640625,0.4873511905,1,1,0.828125,0.8794642857,0.974702381,0.9527529762,0.9401041667,0.9620535714,1,1,,1,1,1,1,1,1,1,1,1,1,1,1,1,1,1,1,1,1,1,1,1,1,1,1,1,1,1,1,1,1,1,1,1,1,1,1,1,1,1,1,1,1,1,1,1,1,1,1,1,1,1,1,1,1,1,1,1,1,1,1,1,1,1,1,1,1,1,1,1,1,1,1,1,1,1,1,1,1,1,,,,,,,,,
biped falls SafeRL,0.1614583333,0.9352678571,0.7845982143,0.8638392857,0.982514881,1,1,1,1,1,1,1,1,1,1,1,1,1,1,1,1,1,1,1,1,1,1,1,1,1,1,1,1,1,1,1,1,1,1,1,1,1,1,1,1,1,1,1,1,1,1,0.9598214286,1,1,1,1,1,1,1,1,1,1,1,1,1,1,1,1,1,1,1,1,1,1,1,1,1,1,1,1,1,1,1,1,1,1,1,1,1,1,1,1,1,1,,,,,,,,,
biped falls SafeRL,0.1841517857,0.4412202381,0.8084077381,0.9300595238,0.8671875,1,1,0.9973958333,1,1,1,,1,1,1,1,1,1,1,1,1,1,1,1,1,1,1,1,1,1,1,1,1,1,1,1,1,1,1,1,1,1,1,1,1,1,1,1,1,1,1,1,1,1,1,1,0.9665178571,1,1,1,1,1,1,1,1,1,1,1,1,1,1,1,1,1,1,1,1,1,1,1,1,1,1,1,1,1,1,1,1,1,1,1,1,1,,,,,,,,,
biped falls SafeRL,0.8439980159,0.4869791667,0.4143105159,0.2395833333,0.0500992064,0,0.0572916667,0.041046627,0.0084325397,0.0157490079,0.0199652778,0.0189732143,0,0,0,0,0,0,0,0,0,0,,,,,,,,,,,,,,,,,,,,,,,1,1,1,1,1,1,1,0.9866071429,1,1,1,1,0.9888392857,1,1,1,1,1,1,1,1,1,1,1,1,1,1,1,1,1,1,1,1,1,1,1,1,1,1,1,1,1,,,,,,,,,,,,,,,,,
,,,,,,,,,,,,,,,,,,,,,,,,,,,,,,,,,,,,,,,,,,,,,,,,,,,,,,,,,,,,,,,,,,,,,,,,,,,,,,,,,,,,,,,,,,,,,,,,,,,,,,,
biped forward falls,0.165922619,0.165922619,0.1510416667,0.1640625,0.1882440476,0.1618303571,0.1852678571,0.1599702381,0.150297619,0.1521577381,0.1555059524,0.1610863095,0.1514136905,0.1808035714,0.1529017857,0.1674107143,0.1216517857,0.142485119,0.1569940476,0.1517857143,0.1551339286,0.138764881,0.1264880952,0.1499255952,0.1246279762,0.1674107143,0.1569940476,0.1577380952,0.1908482143,0.2101934524,0.1707589286,,,,,,,,,,,,,,,,,,,,,,,,,,,,,,,,,,,,,,,,,,,,,,,,,,,,,,,,,,,,,,,,,,,,,,,,
biped forward falls,0.1357886905,0.1525297619,0.2593005952,0.3485863095,0.3348214286,0.4148065476,0.4371279762,0.4248511905,0.439360119,0.4966517857,0.7641369048,0.9360119048,0.920014881,1,1,0.9575892857,1,1,1,1,1,1,0.9561011905,1,1,1,1,1,1,1,1,,,,,,,,,,,,,,,,,,,,,,,,,,,,,,,,,,,,,,,,,,,,,,,,,,,,,,,,,,,,,,,,,,,,,,,,
oracle,0.8491443452,0.8407738095,0.794828869,0.7436755952,0.7384672619,0.7116815476,0.6888020833,0.7075892857,0.705171131,0.6755952381,0.5401785714,0.4514508929,0.4642857143,0.4095982143,0.4235491071,0.4375,0.4391741071,0.4287574405,0.4215029762,0.4241071429,0.4224330357,0.4306175595,0.4587053571,0.4250372024,0.4376860119,0.4162946429,0.4215029762,0.4211309524,0.4045758929,0.3949032738,0.4146205357,,,,,,,,,,,,,,,,,,,,,,,,,,,,,,,,,,,,,,,,,,,,,,,,,,,,,,,,,,,,,,,,,,,,,,,,
,,,,,,,,,,,,,,,,,,,,,,,,,,,,,,,,,,,,,,,,,,,,,,,,,,,,,,,,,,,,,,,,,,,,,,,,,,,,,,,,,,,,,,,,,,,,,,,,,,,,,,,
biped forward falls SM,0.140625,0.1919642857,0.3459821429,0.4802827381,0.8459821429,0.9821428571,1,0.9598214286,1,1,1,1,1,1,1,1,1,1,1,1,1,1,1,1,1,1,1,1,1,1,1,,,,,,,,,,,,,,,,,,,,,,,,,,,,,,,,,,,,,,,,,,,,,,,,,,,,,,,,,,,,,,,,,,,,,,,,
biped forward falls SM,0.154389881,0.2726934524,0.4017857143,1,1,1,1,1,1,1,1,1,1,1,1,1,1,1,1,1,1,1,1,1,1,1,1,1,1,1,1,,,,,,,,,,,,,,,,,,,,,,,,,,,,,,,,,,,,,,,,,,,,,,,,,,,,,,,,,,,,,,,,,,,,,,,,
ours,0.8524925595,0.767671131,0.6261160714,0.259858631,0.0770089286,0.0089285714,0,0.0200892857,0,0,0,0,0,0,0,0,0,0,0,0,0,0,0,0,0,0,0,0,0,0,0,,,,,,,,,,,,,,,,,,,,,,,,,,,,,,,,,,,,,,,,,,,,,,,,,,,,,,,,,,,,,,,,,,,,,,,,
,,,,,,,,,,,,,,,,,,,,,,,,,,,,,,,,,,,,,,,,,,,,,,,,,,,,,,,,,,,,,,,,,,,,,,,,,,,,,,,,,,,,,,,,,,,,,,,,,,,,,,,
,,,,,,,,,,,,,,,,,,,,,,,,,,,,,,,,,,,,,,,,,,,,,,,,,,,,,,,,,,,,,,,,,,,,,,,,,,,,,,,,,,,,,,,,,,,,,,,,,,,,,,,
biped falls ICM,0.04780505952,0.04538690476,0.04389880952,0.06138392857,0.05505952381,0.05078125,0.05654761905,0.06026785714,0.0587797619,0.05822172619,0.0584077381,0.0584077381,0.05561755952,0.05561755952,0.05654761905,0.06677827381,0.05617559524,0.06380208333,0.06026785714,0.05580357143,0.05970982143,0.07421875,0.05580357143,0.07273065476,0.05970982143,0.05822172619,0.05561755952,0.05859375,0.06212797619,0.05970982143,0.0623139881,,,,,,,,,,,,,,,,,,,,,,,,,,,,,,,,,,,,,,,,,,,,,,,,,,,,,,,,,,,,,,,,,,,,,,,,
biped falls ICM,0.06696428571,0.06287202381,0.06417410714,0.07273065476,0.06696428571,0.06994047619,0.06752232143,0.06026785714,0.05208333333,0.05301339286,0.05431547619,0.05357142857,0.05357142857,0.05357142857,0.05133928571,0.05282738095,0.05375744048,0.05245535714,0.05654761905,0.05319940476,0.05431547619,0.05319940476,0.07254464286,0.05282738095,0.05338541667,0.05226934524,0.05431547619,0.05264136905,0.05245535714,0.05226934524,0.05766369048,,,,,,,,,,,,,,,,,,,,,,,,,,,,,,,,,,,,,,,,,,,,,,,,,,,,,,,,,,,,,,,,,,,,,,,,
biped falls ICM,0.0509672619,0.05784970238,0.05133928571,0.05264136905,0.05859375,0.07366071429,0.06584821429,0.06529017857,0.0701264881,0.0744047619,0.07775297619,0.07366071429,0.07868303571,0.07775297619,0.07607886905,0.07849702381,0.07738095238,0.07514880952,0.07254464286,0.07366071429,0.07180059524,0.06789434524,0.07496279762,0.0740327381,0.07719494048,0.07775297619,0.08407738095,0.07905505952,0.08091517857,0.08277529762,0.08649553571,,,,,,,,,,,,,,,,,,,,,,,,,,,,,,,,,,,,,,,,,,,,,,,,,,,,,,,,,,,,,,,,,,,,,,,,
fallen ICM,0.9447544643,0.9446304563,0.9468625992,0.9377480159,0.9397941468,0.9352058532,0.9366939484,0.9380580357,0.9396701389,0.9381200397,0.9365079365,0.9381200397,0.9373759921,0.9376860119,0.9386780754,0.9339657738,0.937562004,0.9361979167,0.9368799603,0.9391121032,0.9380580357,0.9348958333,0.9322296627,0.9334697421,0.9365699405,0.9372519841,0.9353298611,0.9365699405,0.9348338294,0.9350818452,0.9311755952,,,,,,,,,,,,,,,,,,,,,,,,,,,,,,,,,,,,,,,,,,,,,,,,,,,,,,,,,,,,,,,,,,,,,,,,
,,,,,,,,,,,,,,,,,,,,,,,,,,,,,,,,,,,,,,,,,,,,,,,,,,,,,,,,,,,,,,,,,,,,,,,,,,,,,,,,,,,,,,,,,,,,,,,,,,,,,,,
biped reward + SMiRL,0.3231618545,0.3707032693,0.4090790295,0.4384451416,0.5559661191,0.6080335708,0.6007891271,0.6681081396,0.6551419259,0.6380541716,0.8317897418,0.9463426684,0.9619689165,0.9214684446,0.9489475013,0.9556638165,0.9619981929,0.9499983374,0.924671571,0.957795116,0.9585692458,0.9535229016,0.9739560295,0.9730554871,0.9737928237,0.9486549198,0.9688481019,0.9716455278,0.9673052074,0.9688660975,0.972359165,,,,,,,,,,,,,,,,,,,,,,,,,,,,,,,,,,,,,,,,,,,,,,,,,,,,,,,,,,,,,,,,,,,,,,,,
biped reward + SMiRL,0.2951329086,0.4254267398,0.570976717,0.5527846344,0.6786806147,0.8310386453,0.8221093538,0.8539613833,0.8708575389,0.8980638856,0.8834089046,0.8792357266,0.8931225996,0.9379175744,0.9364124054,0.9612501666,0.9542805321,0.9479500737,0.943114299,0.9690403312,0.9484783964,0.9568554525,0.9574803546,0.9393270678,0.965216886,0.9789129057,0.937422699,0.9614526541,0.9369944427,0.9441985125,0.935900248,,,,,,,,,,,,,,,,,,,,,,,,,,,,,,,,,,,,,,,,,,,,,,,,,,,,,,,,,,,,,,,,,,,,,,,,
biped reward + SMiRL,0.3091473816,0.3980650045,0.4900278733,0.495614888,0.6173233669,0.719536108,0.7114492405,0.7610347614,0.7629997324,0.7680590286,0.8575993232,0.9127891975,0.9275457581,0.9296930095,0.9426799533,0.9584569916,0.9581393625,0.9489742056,0.933892935,0.9634177236,0.9535238211,0.955189177,0.965718192,0.9561912775,0.9695048549,0.9637839128,0.9531354004,0.9665490909,0.9521498251,0.956532305,0.9541297065,,,,,,,,,,,,,,,,,,,,,,,,,,,,,,,,,,,,,,,,,,,,,,,,,,,,,,,,,,,,,,,,,,,,,,,,
,,,,,,,,,,,,,,,,,,,,,,,,,,,,,,,,,,,,,,,,,,,,,,,,,,,,,,,,,,,,,,,,,,,,,,,,,,,,,,,,,,,,,,,,,,,,,,,,,,,,,,,
biped reward,0.3333667979,0.3768056316,0.3268467726,0.3750663011,0.3929823406,0.4682075732,0.4374091094,0.4295917264,0.5248409639,0.5566573409,0.3796580111,0.3961090127,0.4797999043,0.4150920506,0.3712842821,0.3782547145,0.3668786406,0.3970774123,0.3922466151,0.3918300429,0.4091077826,0.4138311664,0.3896231754,0.5153455869,0.5023795863,0.4649762321,0.4530223692,0.4652491787,0.4829624171,0.4677110085,0.4865985528,,,,,,,,,,,,,,,,,,,,,,,,,,,,,,,,,,,,,,,,,,,,,,,,,,,,,,,,,,,,,,,,,,,,,,,,
biped reward,0.3038950189,0.3286811555,0.3993226114,0.5181519925,0.5330006204,0.5983461285,0.6048998195,0.5858810139,0.5677630879,0.6766031638,0.8176686504,0.9253940024,0.9201380734,0.9757667065,0.9754662963,0.9734661226,0.9736762651,0.9779104492,0.977151102,0.9814419474,0.9813549947,0.984921823,0.9597533348,0.9808193754,0.9865048298,0.98774606,0.982443591,0.978267372,0.9866348202,0.9906937349,0.9890084232,,,,,,,,,,,,,,,,,,,,,,,,,,,,,,,,,,,,,,,,,,,,,,,,,,,,,,,,,,,,,,,,,,,,,,,,
biped reward,0.3186309084,0.3527433935,0.363084692,0.4466091468,0.4629914805,0.5332768509,0.5211544645,0.5077363702,0.5463020259,0.6166302524,0.5986633308,0.6607515075,0.6999689889,0.6954293786,0.6733752892,0.6758604186,0.6702774528,0.6874939308,0.6846988585,0.6866359951,0.6952313886,0.6993764947,0.6746882551,0.7480824812,0.744442208,0.7263611461,0.7177329801,0.7217582753,0.7347986187,0.7292023717,0.737803488,,,,,,,,,,,,,,,,,,,,,,,,,,,,,,,,,,,,,,,,,,,,,,,,,,,,,,,,,,,,,,,,,,,,,,,,
,,,,,,,,,,,,,,,,,,,,,,,,,,,,,,,,,,,,,,,,,,,,,,,,,,,,,,,,,,,,,,,,,,,,,,,,,,,,,,,,,,,,,,,,,,,,,,,,,,,,,,,
,,,,,,,,,,,,,,,,,,,,,,,,,,,,,,,,,,,,,,,,,,,,,,,,,,,,,,,,,,,,,,,,,,,,,,,,,,,,,,,,,,,,,,,,,,,,,,,,,,,,,,,
,,,,,,,,,,,,,,,,,,,,,,,,,,,,,,,,,,,,,,,,,,,,,,,,,,,,,,,,,,,,,,,,,,,,,,,,,,,,,,,,,,,,,,,,,,,,,,,,,,,,,,,
,,,,,,,,,,,,,,,,,,,,,,,,,,,,,,,,,,,,,,,,,,,,,,,,,,,,,,,,,,,,,,,,,,,,,,,,,,,,,,,,,,,,,,,,,,,,,,,,,,,,,,,
,,,,,,,,,,,,,,,,,,,,,,,,,,,,,,,,,,,,,,,,,,,,,,,,,,,,,,,,,,,,,,,,,,,,,,,,,,,,,,,,,,,,,,,,,,,,,,,,,,,,,,,
biped reward ICM,0.2633885021,0.2321498221,0.289657134,0.2200309341,0.2332084406,0.2340288388,0.2702441892,0.2832503608,0.2638432951,0.2731289582,0.2467580303,0.2287219191,0.2636523387,0.306944296,0.2947775198,0.2953535263,0.2756108498,0.2832875086,0.2804479626,0.2746223754,0.3032334018,0.2738553062,0.280511497,0.3029345746,0.2971501356,0.3036443108,0.2793209075,0.2844440599,0.2910159081,0.3091464783,0.3043395985,,,,,,,,,,,,,,,,,,,,,,,,,,,,,,,,,,,,,,,,,,,,,,,,,,,,,,,,,,,,,,,,,,,,,,,,
biped reward ICM,0.2100614889,0.2468746653,0.1860598367,0.2451265672,0.212952863,0.2105152958,0.2147965621,0.2124076901,0.211715157,0.2151708497,0.2709647941,0.2665607678,0.218560333,0.2181884953,0.2118262522,0.2269321519,0.2062757453,0.2119160715,0.2447622661,0.2662037927,0.2503937336,0.2016274541,0.3052984632,0.2787590196,0.2957943308,0.331689049,0.3372451186,0.266968604,0.2684636004,0.2507738248,0.2679490688,,,,,,,,,,,,,,,,,,,,,,,,,,,,,,,,,,,,,,,,,,,,,,,,,,,,,,,,,,,,,,,,,,,,,,,,
biped reward ICM,0.2684095837,0.4359751061,0.3139120834,0.3042639058,0.2847420223,0.2638692911,0.2536082173,0.2708698589,0.2670636834,0.2683274068,0.2634233572,0.2644918511,0.2803976085,0.2774753965,0.2686047149,0.2525277707,0.2707794242,0.2677669577,0.2808009385,0.2652832635,0.2906358912,0.2860152517,0.3025391477,0.2965845695,0.2986553743,0.2343127034,0.2516789896,0.2560487144,0.3353219364,0.3118962059,0.3827529307,,,,,,,,,,,,,,,,,,,,,,,,,,,,,,,,,,,,,,,,,,,,,,,,,,,,,,,,,,,,,,,,,,,,,,,,
r_{task} + ICM,0.2472865249,0.3049998645,0.2632096847,0.2564738023,0.243634442,0.2361378086,0.2462163228,0.2555093033,0.2475407119,0.2522090716,0.2603820605,0.2532581794,0.2542034267,0.2675360626,0.258402829,0.2582711496,0.2508886731,0.2543235126,0.2686703891,0.2687031439,0.2814210089,0.2538326707,0.2961163693,0.2927593879,0.2971999469,0.2898820211,0.2894150052,0.2691537928,0.2982671483,0.290605503,0.3183471993,,,,,,,,,,,,,,,,,,,,,,,,,,,,,,,,,,,,,,,,,,,,,,,,,,,,,,,,,,,,,,,,,,,,,,,,
,,,,,,,,,,,,,,,,,,,,,,,,,,,,,,,,,,,,,,,,,,,,,,,,,,,,,,,,,,,,,,,,,,,,,,,,,,,,,,,,,,,,,,,,,,,,,,,,,,,,,,,
Biped falls SM no expert,0.04910714286,0.1008184524,0.1274181548,0.1391369048,0.1343005952,0.1156994048,0.1339285714,0.181733631,0.1443452381,0.216703869,0.1748511905,0.2739955357,0.7191220238,1,1,0.8530505952,1,0.9587053571,0.9559151786,0.9557291667,0.9918154762,1,1,0.954985119,0.9495907738,1,0.9579613095,0.8303571429,1,1,0.8660714286,,,,,,,,,,,,,,,,,,,,,,,,,,,,,,,,,,,,,,,,,,,,,,,,,,,,,,,,,,,,,,,,,,,,,,,,
Biped falls SM no expert,0.06584821429,0.1214657738,0.1099330357,0.1045386905,0.1359747024,0.1264880952,0.1393229167,0.1279761905,0.1452752976,0.1456473214,0.1441592262,0.146577381,0.1783854167,0.2215401786,0.6770833333,0.6123511905,0.4352678571,0.8033854167,0.8736979167,0.7446056548,0.95703125,0.9334077381,0.8348214286,0.9183407738,0.8668154762,0.9213169643,1,0.6212797619,0.9188988095,0.62890625,1,,,,,,,,,,,,,,,,,,,,,,,,,,,,,,,,,,,,,,,,,,,,,,,,,,,,,,,,,,,,,,,,,,,,,,,,
Biped falls SM no expert,0.07198660714,0.08203125,0.1011904762,0.1283482143,0.1261160714,0.1233258929,0.17578125,0.1207217262,0.1318824405,0.1203497024,0.1337425595,0.1214657738,0.1311383929,0.1370907738,0.13671875,0.1586681548,0.1512276786,0.1886160714,0.1796875,0.1705729167,0.1945684524,0.1869419643,0.1705729167,0.1819196429,0.2228422619,0.2965029762,0.4657738095,0.4224330357,0.4577752976,0.408296131,0.7514880952,,,,,,,,,,,,,,,,,,,,,,,,,,,,,,,,,,,,,,,,,,,,,,,,,,,,,,,,,,,,,,,,,,,,,,,,
Biped falls SM no expert,0.9376860119,0.8985615079,0.8871527778,0.8759920635,0.8678695437,0.8781622024,0.8503224206,0.8565228175,0.8594990079,0.8390997024,0.8490823413,0.8193204365,0.6571180556,0.5471230159,0.3953993056,0.4586433532,0.4711681548,0.3497643849,0.3302331349,0.3763640873,0.2855282738,0.2932167659,0.3315352183,0.3149181548,0.320250496,0.2607266865,0.1920882937,0.3753100198,0.2077752976,0.3209325397,0.1274801587,,,,,,,,,,,,,,,,,,,,,,,,,,,,,,,,,,,,,,,,,,,,,,,,,,,,,,,,,,,,,,,,,,,,,,,,
,,,,,,,,,,,,,,,,,,,,,,,,,,,,,,,,,,,,,,,,,,,,,,,,,,,,,,,,,,,,,,,,,,,,,,,,,,,,,,,,,,,,,,,,,,,,,,,,,,,,,,,
biped reward SM no expert,0.2750829881,0.2839892601,0.4512059884,0.4071083424,0.3797359059,0.4139169801,0.4266320786,0.4161545333,0.4156836956,0.4546010444,0.4364123846,0.512793456,0.7151397676,0.9403178321,0.8727704666,0.8163469634,0.9066628,0.8969671181,0.9399107827,0.919008687,0.9466057742,0.8668358659,0.8865169824,0.9002354,0.9369489496,0.91885553,0.8563741739,0.8197207187,0.9461806643,0.9405605548,0.869682751,,,,,,,,,,,,,,,,,,,,,,,,,,,,,,,,,,,,,,,,,,,,,,,,,,,,,,,,,,,,,,,,,,,,,,,,
biped reward SM no expert,0.2721570359,0.3608245621,0.2991182994,0.3617965107,0.3474316206,0.3484046535,0.3188947616,0.3537513893,0.3327555453,0.2904509314,0.3207171211,0.3251215487,0.3492267658,0.3852525294,0.6943396015,0.5166567315,0.5917013432,0.780101237,0.8417917247,0.6903585893,0.8037125255,0.7815444054,0.7549684165,0.8338113476,0.7705800036,0.8755524974,0.917050562,0.6501405975,0.8672769427,0.7241242095,0.9380332933,,,,,,,,,,,,,,,,,,,,,,,,,,,,,,,,,,,,,,,,,,,,,,,,,,,,,,,,,,,,,,,,,,,,,,,,
biped reward SM no expert,0.3012743872,0.2572112611,0.2702649847,0.307921909,0.3052602092,0.3260609751,0.3813142247,0.3624610673,0.320685448,0.3029395763,0.3613515262,0.3205037063,0.3670253626,0.3622625566,0.3205772931,0.3524460737,0.3573425568,0.3901654881,0.3371870863,0.3547736545,0.3673943077,0.362786812,0.3498566476,0.3590392687,0.328839978,0.5284090337,0.618042621,0.5605054728,0.5979045504,0.5667567721,0.8072194955,,,,,,,,,,,,,,,,,,,,,,,,,,,,,,,,,,,,,,,,,,,,,,,,,,,,,,,,,,,,,,,,,,,,,,,,
biped reward SM no expert,0.282838137,0.3006750278,0.3401964242,0.358942254,0.3441425786,0.3627942029,0.3756136883,0.3774556633,0.3563748963,0.3493305174,0.3728270106,0.3861395704,0.477130632,0.5626109727,0.6292291204,0.5618165895,0.6185689,0.6890779477,0.7062965313,0.6547136436,0.7059042025,0.6703890278,0.6637806822,0.6976953388,0.6787896437,0.7742723537,0.7971557856,0.6767889296,0.8037873858,0.7438138455,0.8716451799,,,,,,,,,,,,,,,,,,,,,,,,,,,,,,,,,,,,,,,,,,,,,,,,,,,,,,,,,,,,,,,,,,,,,,,,
,,,,,,,,,,,,,,,,,,,,,,,,,,,,,,,,,,,,,,,,,,,,,,,,,,,,,,,,,,,,,,,,,,,,,,,,,,,,,,,,,,,,,,,,,,,,,,,,,,,,,,,
,,,,,,,,,,,,,,,,,,,,,,,,,,,,,,,,,,,,,,,,,,,,,,,,,,,,,,,,,,,,,,,,,,,,,,,,,,,,,,,,,,,,,,,,,,,,,,,,,,,,,,,
,,,,,,,,,,,,,,,,,,,,,,,,,,,,,,,,,,,,,,,,,,,,,,,,,,,,,,,,,,,,,,,,,,,,,,,,,,,,,,,,,,,,,,,,,,,,,,,,,,,,,,,
MAHRL Scenario Space (Mall),-1.770344366,-8.88019857,-4.549636718,-6.139386347,-0.1133799036,-2.103874386,0.04406150185,-0.01081617015,0.04699524206,0.1067293518,-2.281779455,0.04241016123,0.1525327031,0.2297994853,-1.747877316,0.2728754457,-4.367190861,-3.250753403,-4.605240467,0.3119218707,-0.3271992703,0.430740839,0.2913524249,0.4561247094,-0.6713929313,-1.559321009,0.4375051469,-2.411471685,-0.737048483,0.4838926347,-0.3759789045,,,,,,,,,,,,,,,,,,,,,,,,,,,,,,,,,,,,,,,,,,,,,,,,,,,,,,,,,,,,,,,,,,,,,,,,
MAHRL Scenario Space (Mall),-8.521926839,-8.873895935,-0.1319567478,-2.307794016,-2.481420885,-0.08709977456,-0.04270957862,-0.06049615977,0.04816708434,-1.957542295,0.1857717412,-2.043720355,0.2086023933,-1.810190314,0.09122488375,0.313651882,0.2890410906,0.2667169586,-0.1468216304,-2.199651635,-3.610499711,-1.304477184,0.2049977234,-4.369301161,-2.656626639,-3.060498077,-4.426582403,-1.800640418,-3.727431382,-1.744935311,-0.2474280083,,,,,,,,,,,,,,,,,,,,,,,,,,,,,,,,,,,,,,,,,,,,,,,,,,,,,,,,,,,,,,,,,,,,,,,,
MAHRL Scenario Space (Mall),-11.53520779,-11.18486245,-8.443511469,-8.088270744,-10.76066671,-2.086520022,-0.1409783515,-2.132175046,-2.189827392,-1.858589465,-0.07912327448,-2.054182415,-2.194799354,-0.04238080518,0.02405357756,-0.04037207773,-2.112841134,-4.334230581,-1.818951315,0.0310449533,0.0418413986,-2.1964623,-2.322463027,-2.338094833,-4.089419965,-0.04438119945,0.137022211,-4.312147028,-1.950071848,-2.247971411,-1.213869716,,,,,,,,,,,,,,,,,,,,,,,,,,,,,,,,,,,,,,,,,,,,,,,,,,,,,,,,,,,,,,,,,,,,,,,,
MAHRL Scenario Space (Mall),-6.500641383,-8.519005046,-8.928578744,-2.212548055,-4.35332828,-8.560334811,-0.1735922878,-4.374652176,-4.782676444,-0.005886216295,-2.317475528,-2.353235915,-0.1345311942,-1.954408183,0.09735312018,-0.0703042249,-2.364262143,0.02582553472,-1.984363872,0.03381081822,-2.838953873,0.2478603673,0.2257295643,0.3049664594,-2.490371195,-0.3622961203,-1.919685672,-4.870300259,-1.602279291,-5.051629781,-2.138708453,,,,,,,,,,,,,,,,,,,,,,,,,,,,,,,,,,,,,,,,,,,,,,,,,,,,,,,,,,,,,,,,,,,,,,,,
,,,,,,,,,,,,,,,,,,,,,,,,,,,,,,,,,,,,,,,,,,,,,,,,,,,,,,,,,,,,,,,,,,,,,,,,,,,,,,,,,,,,,,,,,,,,,,,,,,,,,,,
,,,,,,,,,,,,,,,,,,,,,,,,,,,,,,,,,,,,,,,,,,,,,,,,,,,,,,,,,,,,,,,,,,,,,,,,,,,,,,,,,,,,,,,,,,,,,,,,,,,,,,,
PPO Mall,-20.65736076,-20.62171233,-20.63807973,-20.59481301,-20.58955521,-20.58518085,-20.60718188,-20.59566526,-20.5810518,-20.57080454,-20.58899186,-20.57745299,-20.57891832,-20.55582693,-20.5665347,-20.54881531,-20.51591769,-20.50809268,-20.49946201,-20.52495359,-20.50474278,-20.49651702,-20.49613693,-20.51628733,-20.47347893,-20.45673612,-20.51329213,-20.48182202,-20.47423555,-20.48505612,-20.44508111,,,,,,,,,,,,,,,,,,,,,,,,,,,,,,,,,,,,,,,,,,,,,,,,,,,,,,,,,,,,,,,,,,,,,,,,
PPO Mall,-20.66217361,-20.62217957,-20.58547868,-20.57327195,-20.56516155,-20.55626375,-20.55426618,-20.58958107,-20.57923556,-20.50614932,-20.52848462,-20.53636534,-20.53943895,-20.54250458,-20.54441474,-20.49976725,-20.51883891,-20.55043679,-20.40396767,-20.44474001,-20.44401525,-20.45107811,-20.48972652,-20.43167065,-20.42762839,-20.42165067,-20.43068073,-20.4636444,-20.44945722,-20.42445047,-20.4236635,,,,,,,,,,,,,,,,,,,,,,,,,,,,,,,,,,,,,,,,,,,,,,,,,,,,,,,,,,,,,,,,,,,,,,,,
PPO Mall,-20.61059346,-20.59176614,-20.57886481,-20.6002166,-20.59561252,-20.59201522,-20.5976962,-20.6057614,-20.68192888,-20.67534278,-20.67322517,-20.65443588,-20.61400903,-20.5722766,-20.59550127,-20.60824403,-20.61277459,-20.5907747,-20.55338922,-20.54188781,-20.54650722,-20.60280579,-20.5930648,-20.58161092,-20.57360421,-20.59744941,-20.56762509,-20.55917525,-20.52401635,-20.58999265,-20.56522634,,,,,,,,,,,,,,,,,,,,,,,,,,,,,,,,,,,,,,,,,,,,,,,,,,,,,,,,,,,,,,,,,,,,,,,,
PPO Mall,-20.58408761,-20.5653213,-20.56870146,-20.55016532,-20.55547341,-20.54359334,-20.55739653,-20.5709717,-20.57055633,-20.54454041,-20.55584112,-20.54377987,-20.60262702,-20.57600878,-20.58320057,-20.59200826,-20.57073709,-20.56974136,-20.60211263,-20.59716235,-20.57458564,-20.58015417,-20.5690885,-20.61120632,-20.57310676,-20.59258737,-20.58640034,-20.57089364,-20.5808496,-20.56987774,-20.55740448,,,,,,,,,,,,,,,,,,,,,,,,,,,,,,,,,,,,,,,,,,,,,,,,,,,,,,,,,,,,,,,,,,,,,,,,
,,,,,,,,,,,,,,,,,,,,,,,,,,,,,,,,,,,,,,,,,,,,,,,,,,,,,,,,,,,,,,,,,,,,,,,,,,,,,,,,,,,,,,,,,,,,,,,,,,,,,,,
,,,,,,,,,,,,,,,,,,,,,,,,,,,,,,,,,,,,,,,,,,,,,,,,,,,,,,,,,,,,,,,,,,,,,,,,,,,,,,,,,,,,,,,,,,,,,,,,,,,,,,,
MADDPG scenario space (Mall),-7.223663453,-3.331109134,-7.728137366,-5.598246771,-8.811899291,-3.520030971,-10.67520342,-7.469055817,-6.178048153,-6.9935623,-10.051695,-8.940570834,-6.055704384,-5.335047109,-9.770140076,-10.68000808,-1.375428228,-3.624516432,-7.886283486,-5.809660821,-4.066303081,-11.60139395,-3.908036934,-5.327579362,-4.08269264,-12.01547962,-7.399805721,-7.700238161,-7.678009069,-7.9756436,-0.2708074307,,,,,,,,,,,,,,,,,,,,,,,,,,,,,,,,,,,,,,,,,,,,,,,,,,,,,,,,,,,,,,,,,,,,,,,,
,,,,,,,,,,,,,,,,,,,,,,,,,,,,,,,,,,,,,,,,,,,,,,,,,,,,,,,,,,,,,,,,,,,,,,,,,,,,,,,,,,,,,,,,,,,,,,,,,,,,,,,
,,,,,,,,,,,,,,,,,,,,,,,,,,,,,,,,,,,,,,,,,,,,,,,,,,,,,,,,,,,,,,,,,,,,,,,,,,,,,,,,,,,,,,,,,,,,,,,,,,,,,,,
MAHRL Scenario Space (Mall),-9.39358133,-6.435348829,-7.602524386,-7.765023705,-5.210671911,-5.288758361,-6.074660209,-3.645159042,-6.600088695,-5.991768944,-4.501444482,-6.479418583,-6.6973398,-3.55397392,-4.658338968,-2.078600056,-2.756438013,-3.503483052,-3.990235595,-4.694143241,-3.667302835,-2.245042331,-3.513522531,-1.788595052,-2.194039065,-5.001216866,-3.63196331,-1.332595369,-1.863144072,-2.739263159,-3.957521451,,,,,,,,,,,,,,,,,,,,,,,,,,,,,,,,,,,,,,,,,,,,,,,,,,,,,,,,,,,,,,,,,,,,,,,,
MAHRL Scenario Space (Mall),-7.799684021,-7.212046669,-2.614323742,-4.769423794,-2.716164569,-8.442765372,-6.569360557,-6.026694557,-4.930806049,-4.154055912,-5.810323092,-4.514607801,-3.374196759,-5.009063671,-5.518668189,-5.203197976,-3.066181504,-2.809498063,-3.259500447,-5.444577169,-2.821255387,-1.802501612,-2.305923529,-3.213930864,-1.427336344,-1.768655564,-2.895971371,-4.2199529,-1.425016308,-3.592966738,-3.107223134,,,,,,,,,,,,,,,,,,,,,,,,,,,,,,,,,,,,,,,,,,,,,,,,,,,,,,,,,,,,,,,,,,,,,,,,
,,,,,,,,,,,,,,,,,,,,,,,,,,,,,,,,,,,,,,,,,,,,,,,,,,,,,,,,,,,,,,,,,,,,,,,,,,,,,,,,,,,,,,,,,,,,,,,,,,,,,,,
,,,,,,,,,,,,,,,,,,,,,,,,,,,,,,,,,,,,,,,,,,,,,,,,,,,,,,,,,,,,,,,,,,,,,,,,,,,,,,,,,,,,,,,,,,,,,,,,,,,,,,,
,,,,,,,,,,,,,,,,,,,,,,,,,,,,,,,,,,,,,,,,,,,,,,,,,,,,,,,,,,,,,,,,,,,,,,,,,,,,,,,,,,,,,,,,,,,,,,,,,,,,,,,
Hetero,,,,,,,,,,,,,,,,,,,,,,,,,,,,,,,,,,,,,,,,,,,,,,,,,,,,,,,,,,,,,,,,,,,,,,,,,,,,,,,,,,,,,,,,,,,,,,,,,,,,,,,
MAHRL Pursuit,-3.84519925,-4.303569584,-4.201497839,-8.17469203,-3.926383569,-3.932184223,-8.857012709,-9.063150871,4.59653201,-1.408290196,-4.279172056,-1.00064514,-5.246456018,-1.090969013,-8.278294267,-4.424037584,-1.008219114,-1.56910779,4.547734053,0.2815069134,-3.005284795,-7.543929095,-1.292691964,-3.140084678,-3.679805311,-3.880730387,-5.268908885,-3.960168329,-2.924038518,0.336802327,-3.940351794,,,,,,,,,,,,,,,,,,,,,,,,,,,,,,,,,,,,,,,,,,,,,,,,,,,,,,,,,,,,,,,,,,,,,,,,
MAHRL Pursuit,-4.255694204,-5.494963943,-4.167843239,-6.055313504,-3.715884032,-0.09986840363,-1.838448669,-5.982058193,1.008063218,-3.055785472,-2.817057574,-1.977687988,0.8135570318,2.188289172,-1.771914045,-3.213405804,-8.083702012,-4.288900231,-1.375795117,-6.983660655,-3.790485206,0.9135552026,-1.953875389,-1.820024124,-6.413026799,0.1336124558,1.076875122,1.274598413,-1.097916293,-2.931964456,1.883508639,,,,,,,,,,,,,,,,,,,,,,,,,,,,,,,,,,,,,,,,,,,,,,,,,,,,,,,,,,,,,,,,,,,,,,,,
MAHRL Pursuit,-7.60104181,-1.827570631,-8.373938234,-8.515514562,-1.763361495,-7.063069484,-5.561540525,-7.298842933,-7.720428995,-8.26031969,-1.051765841,-8.410447506,-4.922180968,-6.341148292,-4.736404344,-8.370133358,-11.24209759,-5.470876914,-5.737284686,2.397806116,-5.00488906,-8.346977591,-9.410085782,-2.035105447,-6.417088042,-8.900007163,-9.384717936,-4.420175877,-4.728148626,-5.949261972,-5.188898695,,,,,,,,,,,,,,,,,,,,,,,,,,,,,,,,,,,,,,,,,,,,,,,,,,,,,,,,,,,,,,,,,,,,,,,,
MAHRL Pursuit,-6.791136417,-3.702108142,-4.323190635,-1.740782998,-7.751628688,-7.58437985,-2.448568817,-5.861921057,-8.551137946,-1.822248941,-2.452213793,-7.717999736,-5.039111851,-5.127534504,-2.023726432,-10.54138482,-1.605716515,-5.718029109,-8.399696907,-5.708161107,-2.449400355,-4.421904932,-7.097809152,-4.157119557,0.181586242,-7.956881875,-1.480962023,-5.567126596,-7.821851387,-4.524869683,-4.873454921,,,,,,,,,,,,,,,,,,,,,,,,,,,,,,,,,,,,,,,,,,,,,,,,,,,,,,,,,,,,,,,,,,,,,,,,
,,,,,,,,,,,,,,,,,,,,,,,,,,,,,,,,,,,,,,,,,,,,,,,,,,,,,,,,,,,,,,,,,,,,,,,,,,,,,,,,,,,,,,,,,,,,,,,,,,,,,,,
,,,,,,,,,,,,,,,,,,,,,,,,,,,,,,,,,,,,,,,,,,,,,,,,,,,,,,,,,,,,,,,,,,,,,,,,,,,,,,,,,,,,,,,,,,,,,,,,,,,,,,,
,,,,,,,,,,,,,,,,,,,,,,,,,,,,,,,,,,,,,,,,,,,,,,,,,,,,,,,,,,,,,,,,,,,,,,,,,,,,,,,,,,,,,,,,,,,,,,,,,,,,,,,
Hetero,,,,,,,,,,,,,,,,,,,,,,,,,,,,,,,,,,,,,,,,,,,,,,,,,,,,,,,,,,,,,,,,,,,,,,,,,,,,,,,,,,,,,,,,,,,,,,,,,,,,,,,
MADDPG Pursuit,-4.75891375,-3.228030149,-9.379040048,-5.022696513,-8.671096999,-3.216953868,-6.610344393,-10.2700653,-7.403027056,-5.699508649,-6.399837609,-3.713075103,-3.52014363,-7.06391448,-7.768602427,-0.3973422008,-3.084550972,-1.103979277,-9.664453252,-3.987172769,-2.945585652,-3.287841788,-8.825067545,-4.785170069,-6.632100408,-4.872374135,-1.013361707,-3.18279663,-7.993969108,-3.385859807,-7.298670059,,,,,,,,,,,,,,,,,,,,,,,,,,,,,,,,,,,,,,,,,,,,,,,,,,,,,,,,,,,,,,,,,,,,,,,,
MADDPG Pursuit,-3.195600276,-4.676302234,-4.778979775,-8.538795843,-8.02658067,-4.914779972,-5.246665241,-2.661359719,-3.572236107,-2.270790641,-10.00776404,-7.377888637,-3.38744044,-5.386790101,-6.101760765,-4.368900116,-1.421469321,-3.553193842,-3.814388819,0.1746126454,-5.300118433,-5.683693064,-3.721332343,-4.937872349,-8.826401705,-6.751066274,-4.056095357,-1.518323216,-4.269689956,-6.789578823,-5.016679668,,,,,,,,,,,,,,,,,,,,,,,,,,,,,,,,,,,,,,,,,,,,,,,,,,,,,,,,,,,,,,,,,,,,,,,,
,,,,,,,,,,,,,,,,,,,,,,,,,,,,,,,,,,,,,,,,,,,,,,,,,,,,,,,,,,,,,,,,,,,,,,,,,,,,,,,,,,,,,,,,,,,,,,,,,,,,,,,
Hetero,,,,,,,,,,,,,,,,,,,,,,,,,,,,,,,,,,,,,,,,,,,,,,,,,,,,,,,,,,,,,,,,,,,,,,,,,,,,,,,,,,,,,,,,,,,,,,,,,,,,,,,
PPO Pursuit,-20.54548691,-20.61037073,-20.61708473,-20.41273787,-20.62247589,-20.60880847,-20.59425033,-20.60668514,-20.58639638,-20.60177756,-20.13961567,-20.50365254,-20.24239515,-20.56975272,-20.42528793,-20.44172266,-20.32191685,-20.5691286,-20.58385861,-20.56782587,-20.60626652,-20.56743512,-20.59702837,-20.34053087,-20.56985209,-20.24281732,-20.52656927,-20.54955242,-20.59924446,-20.56943406,-20.52868133,,,,,,,,,,,,,,,,,,,,,,,,,,,,,,,,,,,,,,,,,,,,,,,,,,,,,,,,,,,,,,,,,,,,,,,,
PPO Pursuit,-20.394484,-20.18678017,-20.38200702,-20.66805335,-20.65575581,-20.64084685,-20.63290133,-20.66243182,-20.62744853,-20.620194,-20.45813652,-20.61658169,-20.46518499,-20.58177462,-20.58452205,-20.36597227,-20.27081671,-20.52000642,-20.30661473,-20.54456752,-20.35970292,-20.01935889,-20.36967698,-20.30543757,-20.22682999,-20.45068228,-20.32533445,-20.16830673,-20.25584869,-20.25505572,-20.31394691,,,,,,,,,,,,,,,,,,,,,,,,,,,,,,,,,,,,,,,,,,,,,,,,,,,,,,,,,,,,,,,,,,,,,,,,
,,,,,,,,,,,,,,,,,,,,,,,,,,,,,,,,,,,,,,,,,,,,,,,,,,,,,,,,,,,,,,,,,,,,,,,,,,,,,,,,,,,,,,,,,,,,,,,,,,,,,,,
,,,,,,,,,,,,,,,,,,,,,,,,,,,,,,,,,,,,,,,,,,,,,,,,,,,,,,,,,,,,,,,,,,,,,,,,,,,,,,,,,,,,,,,,,,,,,,,,,,,,,,,
Homogenous,,,,,,,,,,,,,,,,,,,,,,,,,,,,,,,,,,,,,,,,,,,,,,,,,,,,,,,,,,,,,,,,,,,,,,,,,,,,,,,,,,,,,,,,,,,,,,,,,,,,,,,
MAHRL BottleNeck (Eggress),-30.56803583,-27.33637849,-27.09588038,-24.12098475,-23.32097787,-22.92170556,-16.21567683,-17.32670701,-13.69924692,-16.63347766,-13.47253785,-18.71807359,-11.43479539,-11.95464383,-14.53120324,-4.599534338,-4.723748353,-5.478604345,-9.004563471,-6.200378915,-3.676743479,-6.554530428,-9.062696283,-5.142157985,-4.568360595,-6.926340634,-9.328114734,-9.966023513,-8.833372441,-9.649523171,-8.671145044,,,,,,,,,,,,,,,,,,,,,,,,,,,,,,,,,,,,,,,,,,,,,,,,,,,,,,,,,,,,,,,,,,,,,,,,
,,,,,,,,,,,,,,,,,,,,,,,,,,,,,,,,,,,,,,,,,,,,,,,,,,,,,,,,,,,,,,,,,,,,,,,,,,,,,,,,,,,,,,,,,,,,,,,,,,,,,,,
PPO Egress,-20.35656318,-20.51335729,-20.59577866,-20.62026386,-20.56604317,-20.53688597,-20.47563784,-20.3942903,-20.40498422,-20.3005639,-20.30236032,-20.36022909,-20.4127023,-20.34259537,-20.32250003,-20.24742293,-20.31355935,-20.14436028,-20.15570111,-20.04345649,-19.99006545,-19.93710045,-19.81632755,-19.7288889,-20.00609105,-19.68793352,-19.73029211,-19.23542378,-19.99326859,-19.96899779,-19.47726248,,,,,,,,,,,,,,,,,,,,,,,,,,,,,,,,,,,,,,,,,,,,,,,,,,,,,,,,,,,,,,,,,,,,,,,,
Homogenous,,,,,,,,,,,,,,,,,,,,,,,,,,,,,,,,,,,,,,,,,,,,,,,,,,,,,,,,,,,,,,,,,,,,,,,,,,,,,,,,,,,,,,,,,,,,,,,,,,,,,,,
,,,,,,,,,,,,,,,,,,,,,,,,,,,,,,,,,,,,,,,,,,,,,,,,,,,,,,,,,,,,,,,,,,,,,,,,,,,,,,,,,,,,,,,,,,,,,,,,,,,,,,,
,,,,,,,,,,,,,,,,,,,,,,,,,,,,,,,,,,,,,,,,,,,,,,,,,,,,,,,,,,,,,,,,,,,,,,,,,,,,,,,,,,,,,,,,,,,,,,,,,,,,,,,
,,,,,,,,,,,,,,,,,,,,,,,,,,,,,,,,,,,,,,,,,,,,,,,,,,,,,,,,,,,,,,,,,,,,,,,,,,,,,,,,,,,,,,,,,,,,,,,,,,,,,,,
,,,,,,,,,,,,,,,,,,,,,,,,,,,,,,,,,,,,,,,,,,,,,,,,,,,,,,,,,,,,,,,,,,,,,,,,,,,,,,,,,,,,,,,,,,,,,,,,,,,,,,,
,,,,,,,,,,,,,,,,,,,,,,,,,,,,,,,,,,,,,,,,,,,,,,,,,,,,,,,,,,,,,,,,,,,,,,,,,,,,,,,,,,,,,,,,,,,,,,,,,,,,,,,
,,,,,,,,,,,,,,,,,,,,,,,,,,,,,,,,,,,,,,,,,,,,,,,,,,,,,,,,,,,,,,,,,,,,,,,,,,,,,,,,,,,,,,,,,,,,,,,,,,,,,,,
PPO Rugby,0.037856444,8.987277786,-0.02432803589,2.442495241,0.02079371791,2.492446604,-0.02585051677,1.158971142,0.04239503429,2.391062618,0.008879782759,5.111134652,0.06277048505,0.0003481548853,0.007591610906,0.4754098922,0.08349347071,-0.01619280561,-0.02039867221,-0.05196162956,0.01717804882,-0.036382971,0.07056790184,0.0383273138,0.01029123895,4.496692125,-0.0205727559,3.856004864,-0.006331714292,-0.02906511231,-0.04541555094,,,,,,,,,,,,,,,,,,,,,,,,,,,,,,,,,,,,,,,,,,,,,,,,,,,,,,,,,,,,,,,,,,,,,,,,
PPO Rugby,-0.0325574024,0.06401024775,0.0303438563,3.738981987,-0.03491072377,0.08039051193,0.06359124815,3.538471199,-0.04517648564,-0.03169339463,0.03276903749,0.01472185996,9.764887059,1.55698134,0.06200171196,1.555120085,0.07295082486,1.624194359,-0.01177196955,-0.05082981627,4.91539965,4.356749872,0.03866825258,0.002024395651,0.006755056028,4.702833161,2.758961038,-0.04547000494,-0.00857248212,4.717021178,0.03185262638,,,,,,,,,,,,,,,,,,,,,,,,,,,,,,,,,,,,,,,,,,,,,,,,,,,,,,,,,,,,,,,,,,,,,,,,
PPO Rugby,0.04511432675,-0.007316910528,0.04529637072,2.056171188,0.07317427109,3.856785843,0.06469197468,0.01589317354,0.005606266378,0.02906812902,-0.01007442356,-0.0223586573,0.02200932604,0.01910468263,-0.06921005861,2.652209473,-0.03679895028,-0.04093358275,0.002029924869,-0.03546393246,3.132201295,-0.06671204641,-0.02221008206,-0.003639571319,0.506261936,-0.03565587463,0.03431396685,4.716687567,0.08598862402,0.01651395654,0.000227417632,,,,,,,,,,,,,,,,,,,,,,,,,,,,,,,,,,,,,,,,,,,,,,,,,,,,,,,,,,,,,,,,,,,,,,,,
PPO Rugby,-0.005021622994,0.03442693414,0.01810081006,3.125080162,0.02049954364,1.831515129,0.05655203687,3.190841083,4.017183274,0.1502130665,-0.02754112266,0.05418954064,1.499816186,-0.02374968621,-0.0183487557,0.05081041371,-0.03667476839,-0.01462785319,3.191961948,-0.02303692858,-0.04319888061,0.4806195402,3.314459378,4.747051361,-0.03613854102,0.07659962111,0.0732852034,1.238717899,-0.005205299732,0.004454945309,0.008752187983,,,,,,,,,,,,,,,,,,,,,,,,,,,,,,,,,,,,,,,,,,,,,,,,,,,,,,,,,,,,,,,,,,,,,,,,
,,,,,,,,,,,,,,,,,,,,,,,,,,,,,,,,,,,,,,,,,,,,,,,,,,,,,,,,,,,,,,,,,,,,,,,,,,,,,,,,,,,,,,,,,,,,,,,,,,,,,,,
,,,,,,,,,,,,,,,,,,,,,,,,,,,,,,,,,,,,,,,,,,,,,,,,,,,,,,,,,,,,,,,,,,,,,,,,,,,,,,,,,,,,,,,,,,,,,,,,,,,,,,,
TD Rugby,0.05175280739,0.02185709241,-0.004434961578,0.05047300125,0.02094194513,-0.01760807899,0.04392447672,5.955454187,0.04407959885,4.864480027,0.01749102234,0.05740187176,-0.004131142743,4.600660381,0.01496732449,-0.007076786538,0.008416107093,0.07961962883,6.661974352,-0.07394442082,0.03589093272,0.02809374485,1.57637419,-0.02092070065,0.05577929555,0.04015437642,0.07230956526,2.271055599,0.07067896192,2.407746964,5.947895576,,,,,,,,,,,,,,,,,,,,,,,,,,,,,,,,,,,,,,,,,,,,,,,,,,,,,,,,,,,,,,,,,,,,,,,,
TD Rugby,1.762928426,-0.0177624398,3.18254666,-0.009738347002,0.06498229539,0.07803092513,1.069633368,5.77597125,0.07425181112,0.03349353362,0.1010816674,0.103355609,0.07623637267,7.787405781,0.08488214953,1.459167015,1.065126324,0.0720615436,4.194289179,0.05285429341,4.000398278,0.005225828062,6.537154163,5.993002478,0.1022130991,4.37006864,4.322396903,0.08751035296,0.08494260498,-0.03482582522,0.04850789383,,,,,,,,,,,,,,,,,,,,,,,,,,,,,,,,,,,,,,,,,,,,,,,,,,,,,,,,,,,,,,,,,,,,,,,,
TD Rugby,-0.18646951,1.034526209,0.03508863205,0.02056095168,-0.02547345508,0.03575241675,0.006206343441,-0.01762458226,-0.003293103615,-0.04927579452,-0.03507455883,0.0236917327,0.02855833368,0.0397540468,0.03419897895,0.02839304404,4.339357549,0.01668407341,0.007277140396,0.05630127731,0.0212283097,-0.1191712192,0.03146258101,2.966796069,0.05334449667,0.002476762084,0.06353679587,-0.01136340802,-0.01662128652,0.02828825753,0.03934641965,,,,,,,,,,,,,,,,,,,,,,,,,,,,,,,,,,,,,,,,,,,,,,,,,,,,,,,,,,,,,,,,,,,,,,,,
TD Rugby,0.2449491437,0.003523532009,0.04283187658,4.053331796,0.09028549453,0.02549076701,0.04217180971,0.004337771677,0.03055376452,0.01825729529,0.04007132107,-0.02516682991,0.2996950647,0.01955668108,0.0786137393,-0.04594503385,0.0315560364,0.05908181626,0.03035086175,0.05719602128,1.60307479,1.171929891,0.03893155814,5.331879936,0.08618216055,0.06396459472,0.07200864558,-0.0265268481,0.02715487488,0.04948216755,0.05516805225,,,,,,,,,,,,,,,,,,,,,,,,,,,,,,,,,,,,,,,,,,,,,,,,,,,,,,,,,,,,,,,,,,,,,,,,
,,,,,,,,,,,,,,,,,,,,,,,,,,,,,,,,,,,,,,,,,,,,,,,,,,,,,,,,,,,,,,,,,,,,,,,,,,,,,,,,,,,,,,,,,,,,,,,,,,,,,,,
,,,,,,,,,,,,,,,,,,,,,,,,,,,,,,,,,,,,,,,,,,,,,,,,,,,,,,,,,,,,,,,,,,,,,,,,,,,,,,,,,,,,,,,,,,,,,,,,,,,,,,,
TD3 Mall,-4.71902229285812,-6.60052027155842,-4.3190159480782,-0.015081666373583,0.007724675426582,0.275043115576116,0.281116316530098,-2.53670313835868,-1.82941492841144,-0.594636914344993,-4.76664816585438,-3.85970939133202,-1.48912065744923,-2.29293885827228,-4.35827973228518,-0.32289975669523,-4.54228605798402,-4.60322435404956,-1.15012689403593,-2.76204709379999,-2.68680106609344,-5.6211827095768,-1.34824328625701,-3.96665874982477,-0.16047693857914,-1.30719242461361,-1.43045657533469,-4.04221417011286,-0.50470861101435,-0.286563090645427,0.137076375442986,,,,,,,,,,,,,,,,,,,,,,,,,,,,,,,,,,,,,,,,,,,,,,,,,,,,,,,,,,,,,,,,,,,,,,,,
